-- phpMyAdmin SQL Dump
-- version 5.2.1deb3
-- https://www.phpmyadmin.net/
--
-- Anamakine: localhost:3306
-- Üretim Zamanı: 05 Haz 2024, 18:26:24
-- Sunucu sürümü: 8.0.36-2ubuntu3
-- PHP Sürümü: 8.3.6

SET SQL_MODE = "NO_AUTO_VALUE_ON_ZERO";
START TRANSACTION;
SET time_zone = "+00:00";


/*!40101 SET @OLD_CHARACTER_SET_CLIENT=@@CHARACTER_SET_CLIENT */;
/*!40101 SET @OLD_CHARACTER_SET_RESULTS=@@CHARACTER_SET_RESULTS */;
/*!40101 SET @OLD_COLLATION_CONNECTION=@@COLLATION_CONNECTION */;
/*!40101 SET NAMES utf8mb4 */;

--
-- Veritabanı: `rfid-based-access-control`
--

-- --------------------------------------------------------

--
-- Tablo için tablo yapısı `access_log`
--

CREATE TABLE `access_log` (
  `LogID` int NOT NULL,
  `UserID` int NOT NULL,
  `TimseStamp` timestamp NOT NULL DEFAULT CURRENT_TIMESTAMP ON UPDATE CURRENT_TIMESTAMP,
  `Date` date NOT NULL,
  `GateID` int NOT NULL,
  `Direction` varchar(10) NOT NULL,
  `CardID` varchar(255) NOT NULL
) ENGINE=InnoDB DEFAULT CHARSET=utf8mb3;

--
-- Tablo döküm verisi `access_log`
--

INSERT INTO `access_log` (`LogID`, `UserID`, `TimseStamp`, `Date`, `GateID`, `Direction`, `CardID`) VALUES
(1, 2005, '2024-05-12 12:47:26', '2024-05-12', 1, 'In', '33006F1A'),
(65, 2000, '2024-05-12 16:00:57', '2024-05-12', 1, 'In', '43BAF519'),
(66, 2000, '2024-05-12 16:04:21', '2024-05-12', 1, 'In', '43BAF519'),
(67, 2000, '2024-05-12 17:32:51', '2024-05-12', 1, 'In', '43BAF519'),
(68, 2005, '2024-05-12 17:32:56', '2024-05-12', 1, 'In', '33006F1A'),
(69, 2004, '2024-05-12 17:33:01', '2024-05-12', 1, 'In', '93BB711A'),
(70, 2000, '2024-05-12 17:46:13', '2024-05-12', 1, 'In', '43BAF519'),
(71, 2000, '2024-05-12 17:46:27', '2024-05-12', 1, 'In', '43BAF519'),
(72, 2004, '2024-05-12 17:46:32', '2024-05-12', 1, 'In', '93BB711A'),
(73, 2003, '2024-05-12 17:46:41', '2024-05-12', 1, 'In', 'B3E05225'),
(319, 2000, '2024-05-14 17:31:13', '2024-05-14', 1, 'In', '43BAF519'),
(320, 2000, '2024-05-14 17:31:19', '2024-05-14', 1, 'In', '43BAF519'),
(321, 2003, '2024-05-14 17:31:26', '2024-05-14', 1, 'No', 'B3E05225'),
(322, 2005, '2024-05-14 17:31:30', '2024-05-14', 1, 'In', '33006F1A'),
(323, 2000, '2024-05-14 17:31:36', '2024-05-14', 1, 'In', '43BAF519'),
(324, 2004, '2024-05-14 17:31:42', '2024-05-14', 1, 'In', '93BB711A'),
(325, 2004, '2024-05-14 17:31:48', '2024-05-14', 1, 'In', '93BB711A'),
(326, 2005, '2024-05-14 17:31:55', '2024-05-14', 1, 'In', '33006F1A'),
(327, 2000, '2024-05-14 17:32:01', '2024-05-14', 1, 'In', '43BAF519'),
(328, 2000, '2024-05-14 17:32:18', '2024-05-14', 1, 'In', '43BAF519'),
(329, 2005, '2024-05-14 17:32:24', '2024-05-14', 1, 'In', '33006F1A'),
(330, 2004, '2024-05-14 17:32:29', '2024-05-14', 1, 'In', '93BB711A'),
(331, 2004, '2024-05-14 17:32:34', '2024-05-14', 1, 'In', '93BB711A'),
(332, 2004, '2024-05-14 17:32:39', '2024-05-14', 1, 'In', '93BB711A'),
(333, 2003, '2024-05-14 17:32:44', '2024-05-14', 1, 'No', 'B3E05225'),
(334, 2003, '2024-05-14 17:32:54', '2024-05-14', 1, 'No', 'B3E05225'),
(335, 2003, '2024-05-14 17:34:23', '2024-05-14', 1, 'No', 'B3E05225'),
(336, 2000, '2024-05-15 18:58:04', '2024-05-15', 1, 'In', '43BAF519'),
(337, 2000, '2024-05-15 18:58:10', '2024-05-15', 1, 'In', '43BAF519'),
(338, 2005, '2024-05-15 18:58:18', '2024-05-15', 1, 'In', '33006F1A'),
(339, 2000, '2024-05-15 18:59:40', '2024-05-15', 1, 'In', '43BAF519'),
(340, 2000, '2024-05-15 19:02:16', '2024-05-15', 1, 'In', '43BAF519'),
(341, 2005, '2024-05-15 19:06:16', '2024-05-15', 1, 'In', '33006F1A'),
(342, 2005, '2024-05-15 19:06:54', '2024-05-15', 1, 'In', '33006F1A'),
(343, 2000, '2024-05-15 19:07:00', '2024-05-15', 1, 'In', '43BAF519'),
(344, 2003, '2024-05-15 19:07:05', '2024-05-15', 1, 'No', 'B3E05225'),
(345, 2004, '2024-05-15 19:07:13', '2024-05-15', 1, 'In', '93BB711A'),
(346, 2004, '2024-05-15 19:07:28', '2024-05-15', 1, 'In', '93BB711A'),
(347, 2004, '2024-05-15 19:07:50', '2024-05-15', 1, 'In', '93BB711A'),
(348, 2003, '2024-05-15 19:09:23', '2024-05-15', 1, 'No', 'B3E05225'),
(349, 2004, '2024-05-15 19:09:27', '2024-05-15', 1, 'In', '93BB711A'),
(350, 2003, '2024-05-15 19:10:58', '2024-05-15', 1, 'No', 'B3E05225'),
(351, 2004, '2024-05-15 19:11:04', '2024-05-15', 1, 'In', '93BB711A'),
(352, 2000, '2024-05-15 19:11:10', '2024-05-15', 1, 'In', '43BAF519'),
(353, 2005, '2024-05-15 19:13:57', '2024-05-15', 1, 'In', '33006F1A'),
(354, 2004, '2024-05-15 19:14:02', '2024-05-15', 1, 'In', '93BB711A'),
(355, 2003, '2024-05-15 19:14:07', '2024-05-15', 1, 'No', 'B3E05225'),
(356, 2000, '2024-05-15 19:14:10', '2024-05-15', 1, 'In', '43BAF519'),
(357, 2000, '2024-05-15 19:14:22', '2024-05-15', 1, 'In', '43BAF519'),
(358, 2003, '2024-05-15 19:14:27', '2024-05-15', 1, 'No', 'B3E05225'),
(359, 2004, '2024-05-15 19:14:30', '2024-05-15', 1, 'In', '93BB711A'),
(360, 2005, '2024-05-15 19:14:34', '2024-05-15', 1, 'In', '33006F1A'),
(361, 2004, '2024-05-15 19:14:38', '2024-05-15', 1, 'In', '93BB711A'),
(362, 2003, '2024-05-15 19:14:42', '2024-05-15', 1, 'No', 'B3E05225'),
(363, 2003, '2024-05-15 19:14:46', '2024-05-15', 1, 'No', 'B3E05225'),
(364, 2000, '2024-05-15 19:14:50', '2024-05-15', 1, 'In', '43BAF519'),
(365, 2000, '2024-05-15 19:14:55', '2024-05-15', 1, 'In', '43BAF519'),
(366, 2003, '2024-05-15 19:17:55', '2024-05-15', 1, 'No', 'B3E05225'),
(367, 2004, '2024-05-15 19:17:59', '2024-05-15', 1, 'In', '93BB711A'),
(368, 2005, '2024-05-15 19:18:03', '2024-05-15', 1, 'In', '33006F1A'),
(369, 2000, '2024-05-15 19:18:08', '2024-05-15', 1, 'In', '43BAF519'),
(370, 2003, '2024-05-15 19:18:12', '2024-05-15', 1, 'No', 'B3E05225'),
(371, 2000, '2024-05-15 19:18:17', '2024-05-15', 1, 'In', '43BAF519'),
(372, 2003, '2024-05-15 19:18:23', '2024-05-15', 1, 'No', 'B3E05225'),
(373, 2000, '2024-05-15 19:18:27', '2024-05-15', 1, 'In', '43BAF519'),
(374, 2004, '2024-05-15 19:18:31', '2024-05-15', 1, 'In', '93BB711A'),
(375, 2004, '2024-05-15 19:44:10', '2024-05-15', 1, 'In', '93BB711A'),
(376, 2003, '2024-05-15 19:44:16', '2024-05-15', 1, 'No', 'B3E05225'),
(377, 2000, '2024-05-15 19:44:20', '2024-05-15', 1, 'In', '43BAF519'),
(378, 2005, '2024-05-15 19:44:25', '2024-05-15', 1, 'In', '33006F1A'),
(379, 2005, '2024-05-15 19:45:43', '2024-05-15', 1, 'In', '33006F1A'),
(380, 2000, '2024-05-15 19:58:35', '2024-05-15', 1, 'In', '43BAF519'),
(381, 2003, '2024-05-15 19:58:43', '2024-05-15', 1, 'No', 'B3E05225'),
(382, 2004, '2024-05-15 19:58:50', '2024-05-15', 1, 'In', '93BB711A'),
(383, 2005, '2024-05-16 09:47:51', '2024-05-16', 1, 'In', '33006F1A'),
(384, 2000, '2024-05-16 09:48:08', '2024-05-16', 1, 'In', '43BAF519'),
(385, 2005, '2024-05-16 09:48:27', '2024-05-16', 1, 'In', '33006F1A'),
(386, 2003, '2024-05-16 09:48:31', '2024-05-16', 1, 'No', 'B3E05225'),
(387, 2000, '2024-05-16 09:48:34', '2024-05-16', 1, 'In', '43BAF519'),
(388, 2004, '2024-05-16 09:48:39', '2024-05-16', 1, 'In', '93BB711A'),
(389, 2005, '2024-05-16 09:48:43', '2024-05-16', 1, 'In', '33006F1A'),
(390, 2004, '2024-05-16 09:48:47', '2024-05-16', 1, 'In', '93BB711A'),
(391, 2003, '2024-05-16 09:48:51', '2024-05-16', 1, 'No', 'B3E05225'),
(392, 2000, '2024-05-16 09:48:55', '2024-05-16', 1, 'In', '43BAF519'),
(393, 2003, '2024-05-16 09:49:00', '2024-05-16', 1, 'No', 'B3E05225'),
(394, 2005, '2024-05-16 09:49:04', '2024-05-16', 1, 'In', '33006F1A'),
(395, 2004, '2024-05-16 09:49:29', '2024-05-16', 1, 'In', '93BB711A'),
(396, 2000, '2024-05-16 09:49:33', '2024-05-16', 1, 'In', '43BAF519'),
(397, 2000, '2024-05-16 10:05:15', '2024-05-16', 1, 'In', '43BAF519'),
(398, 2004, '2024-05-16 10:05:39', '2024-05-16', 1, 'In', '93BB711A'),
(399, 2005, '2024-05-16 10:05:44', '2024-05-16', 1, 'In', '33006F1A'),
(400, 2003, '2024-05-16 10:05:49', '2024-05-16', 1, 'No', 'B3E05225'),
(401, 2000, '2024-05-16 10:05:54', '2024-05-16', 1, 'In', '43BAF519'),
(402, 2000, '2024-05-16 10:06:19', '2024-05-16', 1, 'In', '43BAF519'),
(403, 2004, '2024-05-16 10:06:42', '2024-05-16', 1, 'In', '93BB711A'),
(404, 2005, '2024-05-16 10:06:48', '2024-05-16', 1, 'In', '33006F1A'),
(405, 2000, '2024-05-16 10:06:52', '2024-05-16', 1, 'In', '43BAF519'),
(406, 2003, '2024-05-16 10:06:56', '2024-05-16', 1, 'No', 'B3E05225'),
(407, 2005, '2024-05-16 10:08:14', '2024-05-16', 1, 'In', '33006F1A'),
(408, 2004, '2024-05-16 10:08:22', '2024-05-16', 1, 'In', '93BB711A'),
(409, 2000, '2024-05-16 10:09:19', '2024-05-16', 1, 'In', '43BAF519'),
(410, 2004, '2024-05-16 10:09:24', '2024-05-16', 1, 'In', '93BB711A'),
(411, 2003, '2024-05-16 10:09:29', '2024-05-16', 1, 'No', 'B3E05225'),
(412, 2005, '2024-05-16 10:09:43', '2024-05-16', 1, 'In', '33006F1A'),
(413, 2005, '2024-05-16 10:12:45', '2024-05-16', 1, 'In', '33006F1A'),
(414, 2003, '2024-05-16 10:12:49', '2024-05-16', 1, 'No', 'B3E05225'),
(415, 2004, '2024-05-16 10:13:26', '2024-05-16', 1, 'In', '93BB711A'),
(416, 2004, '2024-05-16 10:16:34', '2024-05-16', 1, 'In', '93BB711A'),
(417, 2005, '2024-05-16 10:22:06', '2024-05-16', 1, 'In', '33006F1A'),
(418, 2004, '2024-05-16 10:23:36', '2024-05-16', 1, 'In', '93BB711A'),
(419, 2000, '2024-05-16 10:24:04', '2024-05-16', 1, 'In', '43BAF519'),
(420, 2005, '2024-05-16 10:26:08', '2024-05-16', 1, 'In', '33006F1A'),
(421, 2005, '2024-05-16 10:27:09', '2024-05-16', 1, 'In', '33006F1A'),
(422, 2005, '2024-05-16 10:30:34', '2024-05-16', 1, 'In', '33006F1A'),
(423, 2005, '2024-05-16 10:30:53', '2024-05-16', 1, 'In', '33006F1A'),
(424, 2000, '2024-05-16 10:32:03', '2024-05-16', 1, 'In', '43BAF519'),
(425, 2000, '2024-05-16 10:32:52', '2024-05-16', 1, 'In', '43BAF519'),
(426, 2005, '2024-05-16 12:08:32', '2024-05-16', 1, 'In', '33006F1A'),
(427, 2004, '2024-05-16 12:11:36', '2024-05-16', 1, 'In', '93BB711A'),
(428, 2003, '2024-05-16 12:12:06', '2024-05-16', 1, 'No', 'B3E05225'),
(429, 2003, '2024-05-16 12:12:23', '2024-05-16', 1, 'No', 'B3E05225'),
(430, 2003, '2024-05-16 12:12:32', '2024-05-16', 1, 'No', 'B3E05225'),
(431, 2000, '2024-05-16 12:12:38', '2024-05-16', 1, 'In', '43BAF519'),
(432, 2005, '2024-05-16 12:12:50', '2024-05-16', 1, 'In', '33006F1A'),
(433, 2004, '2024-05-16 12:13:57', '2024-05-16', 1, 'In', '93BB711A'),
(434, 2004, '2024-05-16 12:14:47', '2024-05-16', 1, 'No', '93BB711A'),
(435, 2005, '2024-05-16 12:57:13', '2024-05-16', 1, 'In', '33006F1A'),
(442, 2003, '2024-05-17 12:26:43', '2024-05-17', 1, 'No', 'B3E05225'),
(443, 2000, '2024-05-17 12:26:46', '2024-05-17', 1, 'In', '43BAF519'),
(444, 2004, '2024-05-17 12:26:51', '2024-05-17', 1, 'In', '93BB711A'),
(445, 2003, '2024-05-17 12:26:55', '2024-05-17', 1, 'No', 'B3E05225'),
(451, 2000, '2024-05-19 08:22:30', '2024-05-19', 1, 'In', '43BAF519'),
(452, 2003, '2024-05-19 08:23:23', '2024-05-19', 1, 'No', 'B3E05225'),
(453, 2000, '2024-05-19 08:23:28', '2024-05-19', 1, 'In', '43BAF519'),
(454, 2000, '2024-05-19 08:24:23', '2024-05-19', 1, 'In', '43BAF519'),
(455, 2004, '2024-05-19 08:25:28', '2024-05-19', 1, 'In', '93BB711A'),
(456, 2003, '2024-05-19 08:57:11', '2024-05-19', 1, 'No', 'B3E05225'),
(457, 2004, '2024-05-19 08:57:17', '2024-05-19', 1, 'In', '93BB711A'),
(458, 2000, '2024-05-19 08:57:21', '2024-05-19', 1, 'In', '43BAF519'),
(459, 2005, '2024-05-19 10:18:21', '2024-05-19', 1, 'In', '33006F1A'),
(460, 2005, '2024-05-19 10:19:21', '2024-05-19', 1, 'In', '33006F1A'),
(461, 2003, '2024-05-19 10:19:53', '2024-05-19', 1, 'No', 'B3E05225'),
(462, 2005, '2024-05-19 10:19:57', '2024-05-19', 1, 'In', '33006F1A'),
(463, 2005, '2024-05-22 07:29:19', '2024-05-22', 1, 'No', '33006F1A'),
(464, 2000, '2024-05-22 07:29:25', '2024-05-22', 1, 'In', '43BAF519'),
(465, 2004, '2024-05-22 07:29:51', '2024-05-22', 1, 'In', '93BB711A'),
(466, 2003, '2024-05-22 07:29:56', '2024-05-22', 1, 'No', 'B3E05225'),
(467, 2005, '2024-05-22 07:30:07', '2024-05-22', 1, 'No', '33006F1A'),
(468, 2004, '2024-05-22 07:30:11', '2024-05-22', 1, 'In', '93BB711A'),
(469, 2004, '2024-05-22 07:32:12', '2024-05-22', 1, 'In', '93BB711A'),
(470, 2005, '2024-05-22 07:32:17', '2024-05-22', 1, 'No', '33006F1A'),
(471, 2003, '2024-05-22 07:32:49', '2024-05-22', 1, 'No', 'B3E05225'),
(472, 2000, '2024-05-23 06:16:03', '2024-05-23', 1, 'In', '43BAF519'),
(473, 2000, '2024-05-23 06:16:15', '2024-05-23', 1, 'In', '43BAF519'),
(474, 2005, '2024-05-23 06:16:19', '2024-05-23', 1, 'In', '33006F1A'),
(475, 2003, '2024-05-23 06:16:44', '2024-05-23', 1, 'No', 'B3E05225'),
(476, 2005, '2024-05-23 06:17:06', '2024-05-23', 1, 'In', '33006F1A'),
(477, 2005, '2024-05-23 06:17:42', '2024-05-23', 1, 'In', '33006F1A'),
(478, 2003, '2024-05-23 06:18:07', '2024-05-23', 1, 'No', 'B3E05225'),
(479, 2000, '2024-05-23 06:18:12', '2024-05-23', 1, 'In', '43BAF519'),
(480, 2003, '2024-05-23 06:18:17', '2024-05-23', 1, 'No', 'B3E05225'),
(481, 2000, '2024-05-23 06:18:20', '2024-05-23', 1, 'In', '43BAF519'),
(482, 2000, '2024-05-23 06:18:25', '2024-05-23', 1, 'In', '43BAF519'),
(483, 2005, '2024-05-23 22:04:11', '2024-05-23', 1, 'In', '33006F1A'),
(484, 2000, '2024-05-23 22:04:19', '2024-05-23', 1, 'In', '43BAF519'),
(485, 2004, '2024-05-23 22:04:40', '2024-05-23', 1, 'In', '93BB711A'),
(486, 2000, '2024-05-23 22:04:47', '2024-05-23', 1, 'In', '43BAF519'),
(487, 2000, '2024-05-23 22:04:56', '2024-05-23', 1, 'In', '43BAF519'),
(488, 2004, '2024-05-23 22:06:15', '2024-05-23', 1, 'In', '93BB711A'),
(489, 2005, '2024-05-23 22:06:21', '2024-05-23', 1, 'In', '33006F1A'),
(490, 2000, '2024-05-23 22:06:27', '2024-05-23', 1, 'In', '43BAF519'),
(491, 2003, '2024-05-23 22:06:32', '2024-05-23', 1, 'No', 'B3E05225'),
(492, 2000, '2024-05-23 22:07:29', '2024-05-23', 1, 'In', '43BAF519'),
(493, 2004, '2024-05-23 22:08:40', '2024-05-23', 1, 'In', '93BB711A'),
(494, 2000, '2024-05-23 22:08:57', '2024-05-23', 1, 'In', '43BAF519'),
(495, 2003, '2024-05-23 22:09:20', '2024-05-23', 1, 'No', 'B3E05225'),
(496, 2000, '2024-05-23 22:09:23', '2024-05-23', 1, 'In', '43BAF519'),
(497, 2005, '2024-05-23 22:09:40', '2024-05-23', 1, 'In', '33006F1A'),
(498, 2004, '2024-05-23 22:10:25', '2024-05-23', 1, 'In', '93BB711A'),
(499, 2004, '2024-05-23 22:10:45', '2024-05-23', 1, 'In', '93BB711A'),
(500, 2000, '2024-05-23 22:11:05', '2024-05-23', 1, 'In', '43BAF519'),
(501, 2005, '2024-05-23 22:11:45', '2024-05-23', 1, 'In', '33006F1A'),
(502, 2003, '2024-05-23 22:12:24', '2024-05-23', 1, 'No', 'B3E05225'),
(503, 2005, '2024-05-23 22:12:28', '2024-05-23', 1, 'In', '33006F1A'),
(504, 2004, '2024-05-23 22:15:00', '2024-05-23', 1, 'In', '93BB711A'),
(505, 2000, '2024-05-23 22:15:25', '2024-05-23', 1, 'In', '43BAF519'),
(506, 2003, '2024-05-23 22:15:52', '2024-05-23', 1, 'No', 'B3E05225'),
(507, 2004, '2024-05-23 22:16:02', '2024-05-23', 1, 'In', '93BB711A'),
(508, 2000, '2024-05-23 22:16:06', '2024-05-23', 1, 'In', '43BAF519'),
(509, 2005, '2024-05-23 22:16:24', '2024-05-23', 1, 'In', '33006F1A'),
(510, 2000, '2024-05-23 22:17:36', '2024-05-23', 1, 'In', '43BAF519'),
(511, 2004, '2024-05-23 22:17:40', '2024-05-23', 1, 'In', '93BB711A'),
(512, 2000, '2024-05-23 22:18:50', '2024-05-23', 1, 'In', '43BAF519'),
(513, 2004, '2024-05-23 22:19:42', '2024-05-23', 1, 'In', '93BB711A'),
(514, 2005, '2024-05-23 22:20:31', '2024-05-23', 1, 'In', '33006F1A'),
(515, 2004, '2024-05-23 22:21:17', '2024-05-23', 1, 'In', '93BB711A'),
(516, 2003, '2024-05-23 22:34:25', '2024-05-23', 1, 'No', 'B3E05225'),
(517, 2004, '2024-05-23 22:34:29', '2024-05-23', 1, 'In', '93BB711A'),
(518, 2000, '2024-05-23 22:35:03', '2024-05-23', 1, 'In', '43BAF519'),
(519, 2005, '2024-05-23 22:35:44', '2024-05-23', 1, 'In', '33006F1A'),
(520, 2000, '2024-05-23 22:36:07', '2024-05-23', 1, 'In', '43BAF519'),
(521, 2003, '2024-05-23 22:39:06', '2024-05-23', 1, 'No', 'B3E05225'),
(522, 2005, '2024-05-23 22:39:11', '2024-05-23', 1, 'In', '33006F1A'),
(523, 2000, '2024-05-23 22:39:16', '2024-05-23', 1, 'In', '43BAF519'),
(524, 2004, '2024-05-23 22:39:20', '2024-05-23', 1, 'In', '93BB711A'),
(525, 2003, '2024-05-23 22:39:34', '2024-05-23', 1, 'No', 'B3E05225'),
(526, 2004, '2024-05-23 22:39:40', '2024-05-23', 1, 'In', '93BB711A'),
(527, 2000, '2024-05-23 22:39:47', '2024-05-23', 1, 'In', '43BAF519'),
(528, 2005, '2024-05-23 22:39:51', '2024-05-23', 1, 'In', '33006F1A'),
(529, 2003, '2024-05-23 22:40:13', '2024-05-23', 1, 'No', 'B3E05225'),
(530, 2004, '2024-05-23 22:40:18', '2024-05-23', 1, 'In', '93BB711A'),
(531, 2000, '2024-05-23 22:40:35', '2024-05-23', 1, 'In', '43BAF519'),
(532, 2004, '2024-05-23 22:43:44', '2024-05-23', 1, 'In', '93BB711A'),
(533, 2000, '2024-05-23 22:43:49', '2024-05-23', 1, 'In', '43BAF519'),
(534, 2005, '2024-05-23 22:43:53', '2024-05-23', 1, 'In', '33006F1A'),
(535, 2003, '2024-05-23 22:43:56', '2024-05-23', 1, 'No', 'B3E05225'),
(536, 2005, '2024-05-23 22:44:01', '2024-05-23', 1, 'In', '33006F1A'),
(537, 2000, '2024-05-23 22:44:05', '2024-05-23', 1, 'In', '43BAF519'),
(538, 2000, '2024-05-23 22:47:24', '2024-05-23', 1, 'In', '43BAF519'),
(539, 2004, '2024-05-23 22:48:49', '2024-05-23', 1, 'In', '93BB711A'),
(540, 2003, '2024-05-23 22:49:23', '2024-05-23', 1, 'No', 'B3E05225'),
(541, 2003, '2024-05-23 22:49:31', '2024-05-23', 1, 'No', 'B3E05225'),
(542, 2003, '2024-05-23 22:50:50', '2024-05-23', 1, 'No', 'B3E05225'),
(543, 2005, '2024-05-23 22:50:54', '2024-05-23', 1, 'In', '33006F1A'),
(544, 2004, '2024-05-23 22:51:07', '2024-05-23', 1, 'In', '93BB711A'),
(545, 2000, '2024-05-23 22:52:09', '2024-05-23', 1, 'In', '43BAF519'),
(546, 2003, '2024-05-23 22:52:40', '2024-05-23', 1, 'No', 'B3E05225'),
(547, 2005, '2024-05-23 22:52:43', '2024-05-23', 1, 'In', '33006F1A'),
(548, 2000, '2024-05-23 22:53:04', '2024-05-23', 1, 'In', '43BAF519'),
(549, 2005, '2024-05-23 22:53:28', '2024-05-23', 1, 'In', '33006F1A'),
(550, 2000, '2024-05-23 22:55:23', '2024-05-23', 1, 'In', '43BAF519'),
(551, 2003, '2024-05-23 22:55:29', '2024-05-23', 1, 'No', 'B3E05225'),
(552, 2004, '2024-05-23 22:55:32', '2024-05-23', 1, 'In', '93BB711A'),
(553, 2005, '2024-05-23 22:55:35', '2024-05-23', 1, 'In', '33006F1A'),
(554, 2000, '2024-05-24 07:51:58', '2024-05-24', 1, 'In', '43BAF519'),
(555, 2003, '2024-05-24 07:52:18', '2024-05-24', 1, 'No', 'B3E05225'),
(556, 2000, '2024-05-24 07:52:29', '2024-05-24', 1, 'In', '43BAF519'),
(557, 2000, '2024-05-24 07:52:55', '2024-05-24', 1, 'In', '43BAF519'),
(558, 2003, '2024-05-24 07:53:11', '2024-05-24', 1, 'No', 'B3E05225'),
(559, 2000, '2024-05-24 07:53:16', '2024-05-24', 1, 'In', '43BAF519'),
(560, 2003, '2024-05-24 07:57:53', '2024-05-24', 1, 'No', 'B3E05225'),
(561, 2003, '2024-05-24 07:57:59', '2024-05-24', 1, 'No', 'B3E05225'),
(562, 2005, '2024-05-24 07:58:02', '2024-05-24', 1, 'In', '33006F1A'),
(563, 2004, '2024-05-24 07:58:46', '2024-05-24', 1, 'In', '93BB711A'),
(564, 2000, '2024-05-24 07:59:11', '2024-05-24', 1, 'In', '43BAF519'),
(565, 2000, '2024-05-24 07:59:57', '2024-05-24', 1, 'In', '43BAF519'),
(566, 2003, '2024-05-24 08:00:17', '2024-05-24', 1, 'No', 'B3E05225'),
(567, 2003, '2024-05-24 08:00:21', '2024-05-24', 1, 'No', 'B3E05225'),
(568, 2005, '2024-05-24 08:00:30', '2024-05-24', 1, 'In', '33006F1A'),
(569, 2004, '2024-05-24 08:00:47', '2024-05-24', 1, 'In', '93BB711A'),
(570, 2005, '2024-05-24 08:01:05', '2024-05-24', 1, 'In', '33006F1A'),
(571, 2004, '2024-05-24 08:01:40', '2024-05-24', 1, 'In', '93BB711A'),
(572, 2004, '2024-05-24 08:03:26', '2024-05-24', 1, 'In', '93BB711A'),
(573, 2000, '2024-05-24 08:06:49', '2024-05-24', 1, 'In', '43BAF519'),
(574, 2005, '2024-05-24 08:10:02', '2024-05-24', 1, 'In', '33006F1A'),
(575, 2004, '2024-05-24 08:11:18', '2024-05-24', 1, 'In', '93BB711A');

-- --------------------------------------------------------

--
-- Tablo için tablo yapısı `access_permission`
--

CREATE TABLE `access_permission` (
  `PermissionID` int NOT NULL,
  `UserID` int NOT NULL,
  `GateID` int NOT NULL,
  `Permission_level` varchar(20) NOT NULL
) ENGINE=InnoDB DEFAULT CHARSET=utf8mb3;

--
-- Tablo döküm verisi `access_permission`
--

INSERT INTO `access_permission` (`PermissionID`, `UserID`, `GateID`, `Permission_level`) VALUES
(1, 2001, 2, 'Restricted Access'),
(2, 2003, 1, 'No access'),
(3, 2003, 2, 'Restricted Access'),
(4, 2004, 1, 'Full Access'),
(5, 2004, 2, 'Full Access'),
(6, 2005, 1, 'Full Access'),
(7, 2005, 2, 'Restricted Access'),
(8, 2000, 1, 'Full Access'),
(9, 2000, 2, 'Restricted Access'),
(10, 2001, 2, 'Restricted Access');

-- --------------------------------------------------------

--
-- Tablo için tablo yapısı `card`
--

CREATE TABLE `card` (
  `CardID` varchar(255) NOT NULL,
  `CardNumber` int NOT NULL,
  `ActivationStatus` varchar(11) NOT NULL
) ENGINE=InnoDB DEFAULT CHARSET=utf8mb3;

--
-- Tablo döküm verisi `card`
--

INSERT INTO `card` (`CardID`, `CardNumber`, `ActivationStatus`) VALUES
('33006F1A', 1, 'Active'),
('43BAF519', 2, 'Active'),
('63F20013', 3, 'Active'),
('93BB711A', 4, 'Active'),
('B3E05225', 5, 'Active');

-- --------------------------------------------------------

--
-- Tablo için tablo yapısı `gate`
--

CREATE TABLE `gate` (
  `GateID` int NOT NULL,
  `GateName` varchar(30) NOT NULL,
  `Location` varchar(30) NOT NULL
) ENGINE=InnoDB DEFAULT CHARSET=utf8mb3;

--
-- Tablo döküm verisi `gate`
--

INSERT INTO `gate` (`GateID`, `GateName`, `Location`) VALUES
(1, 'Main Gate', 'Front entrance'),
(2, 'Side Gate', 'Side entrance');

-- --------------------------------------------------------

--
-- Tablo için tablo yapısı `reset_codes`
--

CREATE TABLE `reset_codes` (
  `CodeID` int NOT NULL,
  `Email` varchar(255) CHARACTER SET utf8mb4 COLLATE utf8mb4_general_ci NOT NULL,
  `ResetCode` varchar(255) CHARACTER SET utf8mb4 COLLATE utf8mb4_general_ci NOT NULL,
  `CreatedDate` timestamp NOT NULL DEFAULT CURRENT_TIMESTAMP ON UPDATE CURRENT_TIMESTAMP
) ENGINE=InnoDB DEFAULT CHARSET=utf8mb4 COLLATE=utf8mb4_general_ci;

-- --------------------------------------------------------

--
-- Tablo için tablo yapısı `role`
--

CREATE TABLE `role` (
  `RoleID` int NOT NULL,
  `RoleName` varchar(50) NOT NULL,
  `Description` varchar(50) NOT NULL
) ENGINE=InnoDB DEFAULT CHARSET=utf8mb3;

--
-- Tablo döküm verisi `role`
--

INSERT INTO `role` (`RoleID`, `RoleName`, `Description`) VALUES
(1, 'Manager', 'Has ultimate pass to all the gates'),
(2, 'Lab Engineer', 'Has pass to laboratories');

-- --------------------------------------------------------

--
-- Tablo için tablo yapısı `user`
--

CREATE TABLE `user` (
  `UserID` int NOT NULL,
  `Name` varchar(50) NOT NULL,
  `Surname` varchar(50) NOT NULL,
  `RoleID` int NOT NULL,
  `CardID` varchar(11) NOT NULL,
  `Email` varchar(255) NOT NULL,
  `Password` varchar(255) NOT NULL,
  `Username` varchar(255) NOT NULL
) ENGINE=InnoDB DEFAULT CHARSET=utf8mb3;

--
-- Tablo döküm verisi `user`
--

INSERT INTO `user` (`UserID`, `Name`, `Surname`, `RoleID`, `CardID`, `Email`, `Password`, `Username`) VALUES
(2000, 'Michael', 'Scott', 2, '43BAF519', 'testx@gmail.com', '$2a$08$vOpEHz75PBbUtBWBCkRWde4NqCbDq5hVygXbOJ6ntBXmII64zLlfC', 'michaelScott'),
(2001, 'Yaren Yasmin', 'Engin', 2, '63F20013', 'deneme@gmail.com', '$2a$08$ohCOD.hHyiQU.scpijD5Be7TPxdvD5DpOyHHAa3XGwjr9XbB7cYKC', 'yarenyasminengin'),
(2003, ' Hulusi Yiğit', 'Şanes', 2, 'B3E05225', 'test@gmail.com', '$2a$08$wTX/gajsHryYlx1jKigvtO27Nx5my7LFo91p0MrU74oH0L9Yko.JG', 'yigitSanes'),
(2004, 'Yusufhan', 'Sacak', 1, '93BB711A', 'yusufhansck@gmail.com', '$2a$08$z0Bc/JytoJEgRhY0gEwBr.quuRwOcbQ/XDiTkGUf6iACe.XZh4FnK', 'YusufhanSCK'),
(2005, 'Özlem Elif', 'Tuncer', 2, '33006F1A', 'elif@gmail.com', '$2a$08$UdE6h.Or7tskngRksTv5.O44zWBuCNe.BECbynKBqHZbalv9F8V9y', 'eliftuncer');

--
-- Dökümü yapılmış tablolar için indeksler
--

--
-- Tablo için indeksler `access_log`
--
ALTER TABLE `access_log`
  ADD PRIMARY KEY (`LogID`),
  ADD KEY `FK_UserID` (`UserID`) USING BTREE,
  ADD KEY `FK_CardID` (`CardID`),
  ADD KEY `FK_GateIdd` (`GateID`);

--
-- Tablo için indeksler `access_permission`
--
ALTER TABLE `access_permission`
  ADD PRIMARY KEY (`PermissionID`),
  ADD KEY `FK_GateID` (`GateID`),
  ADD KEY `FK_UserID` (`UserID`) USING BTREE;

--
-- Tablo için indeksler `card`
--
ALTER TABLE `card`
  ADD PRIMARY KEY (`CardID`);

--
-- Tablo için indeksler `gate`
--
ALTER TABLE `gate`
  ADD PRIMARY KEY (`GateID`);

--
-- Tablo için indeksler `reset_codes`
--
ALTER TABLE `reset_codes`
  ADD PRIMARY KEY (`CodeID`);

--
-- Tablo için indeksler `role`
--
ALTER TABLE `role`
  ADD PRIMARY KEY (`RoleID`);

--
-- Tablo için indeksler `user`
--
ALTER TABLE `user`
  ADD PRIMARY KEY (`UserID`),
  ADD KEY `FK_RoleID` (`RoleID`),
  ADD KEY `FK_CardIdd` (`CardID`);

--
-- Dökümü yapılmış tablolar için AUTO_INCREMENT değeri
--

--
-- Tablo için AUTO_INCREMENT değeri `access_log`
--
ALTER TABLE `access_log`
  MODIFY `LogID` int NOT NULL AUTO_INCREMENT, AUTO_INCREMENT=576;

--
-- Tablo için AUTO_INCREMENT değeri `reset_codes`
--
ALTER TABLE `reset_codes`
  MODIFY `CodeID` int NOT NULL AUTO_INCREMENT, AUTO_INCREMENT=15;

--
-- Dökümü yapılmış tablolar için kısıtlamalar
--

--
-- Tablo kısıtlamaları `access_log`
--
ALTER TABLE `access_log`
  ADD CONSTRAINT `FK_CardID` FOREIGN KEY (`CardID`) REFERENCES `card` (`CardID`),
  ADD CONSTRAINT `FK_GateIdd` FOREIGN KEY (`GateID`) REFERENCES `gate` (`GateID`),
  ADD CONSTRAINT `FK_UserID` FOREIGN KEY (`UserID`) REFERENCES `user` (`UserID`);

--
-- Tablo kısıtlamaları `access_permission`
--
ALTER TABLE `access_permission`
  ADD CONSTRAINT `access_permission_ibfk_1` FOREIGN KEY (`UserID`) REFERENCES `user` (`UserID`),
  ADD CONSTRAINT `FK_GateID` FOREIGN KEY (`GateID`) REFERENCES `gate` (`GateID`);

--
-- Tablo kısıtlamaları `user`
--
ALTER TABLE `user`
  ADD CONSTRAINT `FK_CardIdd` FOREIGN KEY (`CardID`) REFERENCES `card` (`CardID`),
  ADD CONSTRAINT `FK_RoleID` FOREIGN KEY (`RoleID`) REFERENCES `role` (`RoleID`);
COMMIT;

/*!40101 SET CHARACTER_SET_CLIENT=@OLD_CHARACTER_SET_CLIENT */;
/*!40101 SET CHARACTER_SET_RESULTS=@OLD_CHARACTER_SET_RESULTS */;
/*!40101 SET COLLATION_CONNECTION=@OLD_COLLATION_CONNECTION */;
